/*
SQLyog Ultimate v12.08 (64 bit)
MySQL - 5.6.51 : Database - neusoft
*********************************************************************
*/


/*!40101 SET NAMES utf8 */;

/*!40101 SET SQL_MODE=''*/;

/*!40014 SET @OLD_UNIQUE_CHECKS=@@UNIQUE_CHECKS, UNIQUE_CHECKS=0 */;
/*!40014 SET @OLD_FOREIGN_KEY_CHECKS=@@FOREIGN_KEY_CHECKS, FOREIGN_KEY_CHECKS=0 */;
/*!40101 SET @OLD_SQL_MODE=@@SQL_MODE, SQL_MODE='NO_AUTO_VALUE_ON_ZERO' */;
/*!40111 SET @OLD_SQL_NOTES=@@SQL_NOTES, SQL_NOTES=0 */;
CREATE
DATABASE /*!32312 IF NOT EXISTS*/`neusoft` /*!40100 DEFAULT CHARACTER SET utf8 */;

USE
`neusoft`;

/*Table structure for table `n_departClassification` */

DROP TABLE IF EXISTS `n_departClassification`;

CREATE TABLE `n_departClassification`
(
    `c_id`   char(4) NOT NULL COMMENT '科室id',
    `c_name` varchar(50) DEFAULT NULL COMMENT '科室类别名称',
    PRIMARY KEY (`c_id`)
) ENGINE=InnoDB DEFAULT CHARSET=utf8;

/*Data for the table `n_departClassification` */

insert into `n_departClassification`(`c_id`, `c_name`)
values ('D001', '临床科'),
       ('D002', '医技科'),
       ('D003', '急诊科'),
       ('D004', '心内科'),
       ('D005', '肺病科'),
       ('D006', '脾胃病科'),
       ('D007', '肝病科');

/*Table structure for table `n_department` */

DROP TABLE IF EXISTS `n_department`;

CREATE TABLE `n_department`
(
    `d_id`             varchar(100) NOT NULL COMMENT '科室编码',
    `d_avatar`         varchar(100) DEFAULT NULL COMMENT '科室图片',
    `d_classification` char(4)      DEFAULT NULL COMMENT '科室分类',
    `d_name`           varchar(50)  DEFAULT NULL COMMENT '科室名称',
    `d_introduce`      varchar(200) DEFAULT NULL COMMENT '科室介绍',
    PRIMARY KEY (`d_id`),
    KEY                `class_dekey` (`d_classification`),
    CONSTRAINT `class_dekey` FOREIGN KEY (`d_classification`) REFERENCES `n_departClassification` (`c_id`)
) ENGINE=InnoDB DEFAULT CHARSET=utf8;

/*Data for the table `n_department` */

insert into `n_department`(`d_id`, `d_avatar`, `d_classification`, `d_name`, `d_introduce`)
values ('DE001', 'http://localhost:8000/hospital/Img/department/DE001.jpg', 'D001', '急诊室',
        '本科室诊疗范围包括急性心肌梗死、主动脉夹层、急性呼吸衰竭、休克、脓毒血症、心功能衰竭、脑血管意外、严重创伤、呼吸心跳骤停及其他急危重症。 尤其擅长诊治心脑肺复苏、脓毒血症、脓毒性休克、多器官功能障碍综合征、急性呼吸窘迫综合征、严重创伤及大手术后综合管理、物理/化学因素所致急危重症'),
       ('DE002', 'http://localhost:8000/hospital/Img/department/DE002.jpg', 'D001', '内科',
        '内科学包含了依不同器官系统而分类的次专科：心脏内科、呼吸科、肝胆肠胃科、肾脏科（泌尿内科）、血液科、肿瘤科、内分泌科、传染病科、免疫科、风湿科、神经科、儿科、神经内科、老年病科等，但各地甚至各医院对次专科的分类可能有所不同。 各次专科多半有成立各自的医学会，各自审查次专科医师的资格并举办学术活动。'),
       ('DE003', 'http://localhost:8000/hospital/Img/department/DE003.jpg', 'D001', '外科',
        '普通外科专业、骨科专业、泌尿外科专业、乳腺外科专业、肛肠外科专业等；共有医师8人，其中副主任医师5人，主治医师3人。\r\n外科专业是本院的核心业务之一。'),
       ('DE004', 'http://localhost:8000/hospital/Img/department/DE004.jpg', 'D001', '妇产科',
        '妇产科是临床医学四大主要学科之一，主要研究女性生殖器官疾病的病因、病理、诊断及防治，妊娠、分娩的生理和病理变化，高危妊娠及难产的预防和诊治，女性生殖内分泌，计划生育及妇女保健等。现代分子生物学、肿瘤学、遗传学、生殖内分泌学及免疫学等医学基础理论的深入研究和临床医学诊疗检测技术的进步，拓宽和深化了妇产科学的发展，为保障妇女身体和生殖健康及防治各种妇产科疾病起着重要的作用。'),
       ('DE005', 'http://localhost:8000/hospital/Img/department/DE005.jpg', 'D002', '药房',
        '药房基本介绍 药房主要销售西药、中成药、草药等各种药品，以方便人民群众购买药品, 以利于人民群众健康。 药房是还负责药品的计划预算、验收入库、领发保管药品、统计报销等，对于药房的工作人员，国家和医疗卫生部门都有明确的规定，并且制定了相关的规章制度和从业要求。'),
       ('DE006', 'http://localhost:8000/hospital/Img/department/DE006.jpg', 'D002', '化验室',
        '检验科为临床医学检验实验室，主要是对血液，唾液，尿样等体液进行检验分析。设临检、微生物、生化、免疫、艾滋病检测点等六个实验部门和血库。'),
       ('DE007', 'http://localhost:8000/hospital/Img/department/DE007.jpg', 'D002', '消毒供应室',
        '消毒供应中心是医院内各种无菌物品的供应单位，它担负着医疗器材的清洗、包装、消毒灭菌和供应工作。现代医院供应品种繁多，涉及科室广，使用周转快，每项工作均关系到医疗、教学、科研的质量'),
       ('DE009', 'http://localhost:8000/hospital/Img/department/DE009.jpg', 'D003', '皮肤科',
        '皮肤科属于外科，主要治疗各种皮肤病，常见皮肤病有牛皮癣 、 疱疹 、酒渣鼻 、脓疱疮 、化脓菌感染 、疤痕 、癣 、鱼鳞病 、腋臭 、青春痘 、毛囊炎 、斑秃脱发 、男科炎症 、婴儿尿布疹 、鸡眼 、雀斑 、汗疱疹 、螨虫性皮炎 、白癜风 、湿疹 、灰指甲 、硬皮病 、皮肤瘙痒 、口腔部护理 、脱毛 、黄褐斑等'),
       ('DE010', 'http://localhost:8000/hospital/Img/department/DE010.jpg', 'D003', '男科',
        '男科就是关爱男性健康，重视男科疾病科学诊治的一个学科。 男科诊疗范围很广，可粗略地分成4大块，即男子不育、性功能障碍（ED），前列腺疾病、性传播疾病。 从健康的新概念出发，以前男子健康相对被忽视，只有妇科没有男科，男性的寿命低于女性。'),
       ('DE223', 'http://localhost:8000/hospital/Img/department/DE223.jpg', 'D005', '12', '12');

/*Table structure for table `n_doctor` */

DROP TABLE IF EXISTS `n_doctor`;

CREATE TABLE `n_doctor`
(
    `d_id`         varchar(100) NOT NULL COMMENT '医生id',
    `d_name`       varchar(50)  DEFAULT NULL COMMENT '医生姓名',
    `d_age`        int(11) DEFAULT NULL COMMENT '医生年龄',
    `d_sex`        char(4)      DEFAULT NULL COMMENT '医生性别',
    `d_schedule`   char(4)      DEFAULT NULL COMMENT '医生排班规则',
    `d_department` varchar(100) DEFAULT NULL COMMENT '医生所在科室',
    `d_regis`      varchar(100) DEFAULT NULL COMMENT '挂号级别',
    `d_delete`     int(11) DEFAULT '0' COMMENT '逻辑删除',
    PRIMARY KEY (`d_id`),
    KEY            `doctor_depart` (`d_department`),
    KEY            `doctor_schedule` (`d_schedule`),
    KEY            `doctor_regis` (`d_regis`),
    CONSTRAINT `doctor_depart` FOREIGN KEY (`d_department`) REFERENCES `n_department` (`d_id`),
    CONSTRAINT `doctor_regis` FOREIGN KEY (`d_regis`) REFERENCES `n_registered` (`r_id`),
    CONSTRAINT `doctor_schedule` FOREIGN KEY (`d_schedule`) REFERENCES `n_schedule` (`s_id`)
) ENGINE=InnoDB DEFAULT CHARSET=utf8;

/*Data for the table `n_doctor` */

insert into `n_doctor`(`d_id`, `d_name`, `d_age`, `d_sex`, `d_schedule`, `d_department`, `d_regis`, `d_delete`)
values ('100', 'Mona Woodward', 24, 'G002', 'S002', 'DE004', 'RE005', 0),
       ('101', 'Molly Clay', 55, 'G002', 'S004', 'DE001', 'RE004', 0),
       ('102', '二胖医生', 52, 'G001', 'S004', 'DE003', 'RE003', 0),
       ('103', 'Wilma Contreras', 39, 'G002', 'S001', 'DE003', 'RE004', 0),
       ('104', 'India Farley', 27, 'G002', 'S004', 'DE001', 'RE003', 0),
       ('105', 'Eric Goodwin', 54, 'G001', 'S004', 'DE003', 'RE001', 0),
       ('106', 'Amos Reynolds', 55, 'G001', 'S002', 'DE004', 'RE005', 0),
       ('107', 'Ulysses Sandoval', 28, 'G002', 'S004', 'DE004', 'RE003', 0),
       ('108', 'Wang Flynn', 51, 'G002', 'S001', 'DE002', 'RE005', 0),
       ('109', 'Mariko Buckley', 39, 'G001', 'S001', 'DE003', 'RE003', 1),
       ('11', 'Kaitlin Hull', 47, 'G001', 'S003', 'DE004', 'RE001', 0),
       ('110', 'Cairo Pennington', 46, 'G001', 'S004', 'DE001', 'RE001', 0),
       ('112', 'Amir Browning', 38, 'G001', 'S001', 'DE003', 'RE002', 0),
       ('113', 'Remedios Jennings', 20, 'G001', 'S003', 'DE002', 'RE002', 0),
       ('114', 'Hedda Randolph', 49, 'G001', 'S004', 'DE002', 'RE003', 0),
       ('115', 'Melvin Mccarthy', 33, 'G001', 'S002', 'DE001', 'RE003', 0),
       ('116', 'Scarlet Suarez', 31, 'G002', 'S001', 'DE003', 'RE002', 0),
       ('117', 'Linda Fernandez', 32, 'G001', 'S004', 'DE001', 'RE003', 0),
       ('118', 'Andrew Cain', 56, 'G001', 'S003', 'DE002', 'RE002', 0),
       ('119', 'Demetrius Cook', 24, 'G002', 'S004', 'DE001', 'RE003', 1),
       ('12', 'Ferris Bolton', 35, 'G002', 'S001', 'DE003', 'RE005', 1),
       ('120', 'Jack Meadows', 39, 'G002', 'S001', 'DE003', 'RE005', 0),
       ('121', 'Brock Hodge', 50, 'G002', 'S001', 'DE001', 'RE002', 1),
       ('122', 'Plato Lott', 50, 'G001', 'S001', 'DE003', 'RE003', 0),
       ('123', 'Alfonso Rosales', 30, 'G001', 'S004', 'DE001', 'RE005', 0),
       ('124', 'Cameron Mcfarland', 26, 'G001', 'S004', 'DE002', 'RE004', 0),
       ('125', 'September Ruiz', 52, 'G001', 'S004', 'DE003', 'RE003', 0),
       ('126', 'Bruno Eaton', 28, 'G002', 'S001', 'DE001', 'RE002', 0),
       ('127', 'Kadeem Humphrey', 47, 'G001', 'S001', 'DE003', 'RE001', 0),
       ('128', 'Tucker Woods', 29, 'G002', 'S001', 'DE004', 'RE005', 0),
       ('129', 'Mariam Watkins', 36, 'G001', 'S001', 'DE003', 'RE004', 0),
       ('13', 'Germaine Acosta', 31, 'G002', 'S001', 'DE003', 'RE002', 0),
       ('130', 'Fulton Marsh', 52, 'G002', 'S002', 'DE004', 'RE003', 0),
       ('131', 'Dexter Ramirez', 54, 'G002', 'S001', 'DE002', 'RE002', 0),
       ('132', 'Ulla Hull', 59, 'G001', 'S003', 'DE002', 'RE002', 0),
       ('133', 'Debra Harper', 53, 'G001', 'S004', 'DE004', 'RE001', 0),
       ('134', 'Sybil Vinson', 25, 'G002', 'S001', 'DE004', 'RE001', 0),
       ('135', 'Keefe Richmond', 39, 'G001', 'S002', 'DE002', 'RE003', 0),
       ('136', 'Camille Willis', 43, 'G002', 'S001', 'DE004', 'RE002', 0),
       ('137', 'Ursula Gill', 53, 'G001', 'S001', 'DE004', 'RE003', 0),
       ('138', 'Nathan Cortez', 53, 'G001', 'S003', 'DE002', 'RE002', 0),
       ('139', 'Callum Hudson', 31, 'G001', 'S002', 'DE002', 'RE001', 0),
       ('14', 'Abigail Lara', 32, 'G001', 'S003', 'DE004', 'RE001', 0),
       ('140', 'Jada Conway', 32, 'G002', 'S004', 'DE004', 'RE002', 0),
       ('141', 'Baker Walls', 48, 'G002', 'S004', 'DE002', 'RE004', 0),
       ('142', 'Melanie Smith', 21, 'G002', 'S001', 'DE001', 'RE004', 0),
       ('143', 'Kerry Grimes', 42, 'G002', 'S003', 'DE001', 'RE003', 0),
       ('144', 'Constance Delacruz', 36, 'G001', 'S001', 'DE003', 'RE003', 0),
       ('145', 'Florence Cash', 29, 'G002', 'S003', 'DE004', 'RE002', 0),
       ('146', 'Sawyer Bradshaw', 49, 'G001', 'S001', 'DE003', 'RE005', 0),
       ('147', 'Violet Rutledge', 27, 'G001', 'S003', 'DE001', 'RE004', 0),
       ('148', 'Benedict Buck', 53, 'G001', 'S002', 'DE001', 'RE003', 0),
       ('149', 'Tatiana Kerr', 45, 'G001', 'S003', 'DE004', 'RE001', 0),
       ('15', 'Lara Black', 41, 'G002', 'S001', 'DE004', 'RE004', 0),
       ('150', 'Colin Whitney', 55, 'G001', 'S004', 'DE003', 'RE005', 0),
       ('151', 'Zeus Mercer', 27, 'G002', 'S001', 'DE004', 'RE004', 0),
       ('152', 'Chloe Joseph', 48, 'G001', 'S004', 'DE001', 'RE005', 0),
       ('153', 'Quyn Cantu', 55, 'G001', 'S001', 'DE002', 'RE003', 0),
       ('154', 'Lucas Espinoza', 26, 'G001', 'S003', 'DE001', 'RE003', 0),
       ('155', 'Tyrone Blackwell', 41, 'G001', 'S002', 'DE002', 'RE001', 0),
       ('156', 'Bethany Stevens', 50, 'G001', 'S004', 'DE004', 'RE004', 0),
       ('157', 'Hoyt Porter', 47, 'G001', 'S003', 'DE002', 'RE002', 0),
       ('158', 'Avram Suarez', 37, 'G002', 'S002', 'DE004', 'RE005', 0),
       ('159', 'Rowan Gould', 57, 'G001', 'S004', 'DE003', 'RE003', 0),
       ('16', 'Fallon Quinn', 55, 'G002', 'S002', 'DE002', 'RE002', 0),
       ('160', 'Jasmine Holt', 33, 'G001', 'S004', 'DE002', 'RE001', 0),
       ('161', 'Inez Alford', 36, 'G001', 'S002', 'DE001', 'RE001', 0),
       ('162', 'Azalia Sandoval', 29, 'G001', 'S002', 'DE001', 'RE001', 0),
       ('163', 'Isaac Paul', 43, 'G001', 'S003', 'DE001', 'RE002', 0),
       ('164', 'Macon Palmer', 30, 'G002', 'S001', 'DE004', 'RE004', 0),
       ('165', 'Mark Rosa', 26, 'G002', 'S004', 'DE004', 'RE005', 0),
       ('166', 'Colt Rivera', 21, 'G002', 'S001', 'DE003', 'RE002', 0),
       ('167', 'Nell Santiago', 54, 'G001', 'S003', 'DE002', 'RE002', 0),
       ('168', 'Vernon Mcclain', 56, 'G002', 'S001', 'DE004', 'RE001', 0),
       ('169', 'Kuame Blackburn', 27, 'G002', 'S001', 'DE003', 'RE001', 0),
       ('17', 'Isabelle Rosales', 22, 'G002', 'S004', 'DE004', 'RE005', 0),
       ('170', 'Walker Richmond', 26, 'G001', 'S001', 'DE003', 'RE002', 0),
       ('171', 'Ian Moss', 56, 'G002', 'S004', 'DE002', 'RE004', 0),
       ('172', 'Todd Doyle', 48, 'G002', 'S002', 'DE004', 'RE001', 0),
       ('173', 'Basil Lott', 35, 'G002', 'S001', 'DE003', 'RE003', 0),
       ('174', 'Ima Stuart', 38, 'G002', 'S003', 'DE004', 'RE004', 0),
       ('175', 'Gillian Waters', 44, 'G002', 'S001', 'DE003', 'RE001', 0),
       ('176', 'Veda Clarke', 32, 'G001', 'S001', 'DE003', 'RE002', 0),
       ('177', 'Dante Langley', 60, 'G002', 'S001', 'DE002', 'RE001', 0),
       ('178', 'Wendy Mathis', 52, 'G002', 'S004', 'DE004', 'RE002', 0),
       ('179', 'Amena Case', 25, 'G002', 'S001', 'DE003', 'RE004', 0),
       ('18', 'Coby Hopper', 57, 'G002', 'S003', 'DE002', 'RE002', 0),
       ('180', 'Camden Harris', 48, 'G001', 'S002', 'DE002', 'RE001', 0),
       ('181', 'Ivan Wise', 46, 'G001', 'S001', 'DE003', 'RE002', 0),
       ('182', 'Upton Watson', 52, 'G001', 'S002', 'DE002', 'RE003', 0),
       ('183', 'Hope Chen', 55, 'G001', 'S002', 'DE004', 'RE002', 0),
       ('184', 'Zeus Finch', 51, 'G002', 'S004', 'DE004', 'RE001', 0),
       ('185', 'Jillian Gilliam', 39, 'G002', 'S003', 'DE004', 'RE003', 0),
       ('186', 'Abigail Hensley', 26, 'G001', 'S002', 'DE002', 'RE003', 0),
       ('187', 'Amos Russo', 59, 'G002', 'S004', 'DE003', 'RE002', 0),
       ('188', 'Helen Kent', 26, 'G002', 'S001', 'DE003', 'RE005', 0),
       ('189', 'Eve Franks', 23, 'G001', 'S001', 'DE003', 'RE004', 0),
       ('19', 'Warren Clark', 38, 'G001', 'S004', 'DE001', 'RE005', 0),
       ('190', 'Martina Andrews', 39, 'G002', 'S001', 'DE001', 'RE005', 0),
       ('191', 'Aspen Morgan', 57, 'G002', 'S004', 'DE003', 'RE001', 0),
       ('192', 'Roary Daugherty', 58, 'G001', 'S004', 'DE003', 'RE003', 0),
       ('193', 'Rafael Chang', 33, 'G001', 'S003', 'DE002', 'RE005', 0),
       ('194', 'Tana Meadows', 32, 'G002', 'S002', 'DE002', 'RE002', 0),
       ('195', 'Fiona Hardy', 22, 'G002', 'S001', 'DE003', 'RE002', 0),
       ('196', 'Abigail Roach', 39, 'G001', 'S003', 'DE002', 'RE001', 0),
       ('197', 'Amena Cruz', 28, 'G001', 'S002', 'DE001', 'RE004', 0),
       ('198', 'Carla Hampton', 25, 'G001', 'S004', 'DE002', 'RE002', 0),
       ('199', 'Igor Grimes', 34, 'G002', 'S003', 'DE002', 'RE003', 0),
       ('2', 'Norman Hull', 43, 'G001', 'S001', 'DE004', 'RE004', 0),
       ('20', 'Gabriel Casey', 43, 'G001', 'S001', 'DE003', 'RE001', 0),
       ('200', 'Kenneth Jensen', 54, 'G001', 'S001', 'DE002', 'RE004', 0),
       ('201', 'Ian Heath', 23, 'G001', 'S003', 'DE002', 'RE003', 0),
       ('202', 'Ivor Daniels', 56, 'G002', 'S004', 'DE003', 'RE005', 0),
       ('203', 'Hannah Barrett', 32, 'G001', 'S004', 'DE002', 'RE001', 0),
       ('204', 'Alika Bradley', 55, 'G001', 'S002', 'DE004', 'RE005', 0),
       ('205', 'Risa Rodriquez', 57, 'G002', 'S001', 'DE002', 'RE005', 0),
       ('206', 'Autumn Lott', 26, 'G001', 'S002', 'DE001', 'RE002', 0),
       ('207', 'Edward Leach', 34, 'G001', 'S002', 'DE002', 'RE003', 0),
       ('208', 'Sean Weaver', 43, 'G001', 'S001', 'DE003', 'RE004', 0),
       ('209', 'Ila Blanchard', 56, 'G001', 'S001', 'DE004', 'RE001', 0),
       ('21', 'Aretha Hewitt', 42, 'G001', 'S001', 'DE002', 'RE004', 0),
       ('210', 'Aimee Dunn', 54, 'G001', 'S002', 'DE001', 'RE003', 0),
       ('211', 'Ahmed Fernandez', 33, 'G001', 'S004', 'DE004', 'RE002', 0),
       ('212', 'Tobias Boone', 38, 'G001', 'S001', 'DE002', 'RE001', 0),
       ('213', 'Carissa Cameron', 24, 'G001', 'S001', 'DE004', 'RE003', 0),
       ('214', 'Theodore Park', 30, 'G001', 'S002', 'DE001', 'RE002', 0),
       ('215', 'Sonya Olsen', 32, 'G002', 'S001', 'DE004', 'RE003', 0),
       ('216', 'Brielle Sanchez', 25, 'G002', 'S001', 'DE003', 'RE003', 0),
       ('217', 'Venus Blackwell', 56, 'G001', 'S004', 'DE004', 'RE005', 0),
       ('218', 'Ori Guy', 24, 'G002', 'S003', 'DE002', 'RE001', 0),
       ('219', 'Holly Beard', 28, 'G001', 'S001', 'DE003', 'RE002', 0),
       ('22', 'Rigel Vinson', 47, 'G001', 'S001', 'DE003', 'RE002', 0),
       ('220', 'Callie Blevins', 46, 'G002', 'S001', 'DE001', 'RE003', 0),
       ('221', 'Yardley Gomez', 51, 'G002', 'S002', 'DE001', 'RE001', 0),
       ('222', 'Yolanda Griffith', 29, 'G002', 'S003', 'DE001', 'RE004', 0),
       ('223', 'Zia Adams', 44, 'G002', 'S004', 'DE004', 'RE005', 0),
       ('224', 'Cally Cameron', 51, 'G002', 'S004', 'DE003', 'RE004', 0),
       ('225', 'Asher Chaney', 43, 'G002', 'S001', 'DE003', 'RE005', 0),
       ('226', 'Amos Reese', 36, 'G001', 'S003', 'DE001', 'RE002', 0),
       ('227', 'Eve Donovan', 30, 'G001', 'S003', 'DE004', 'RE004', 0),
       ('228', 'Quail Holt', 21, 'G001', 'S001', 'DE003', 'RE005', 0),
       ('229', 'Whoopi Carr', 27, 'G002', 'S001', 'DE003', 'RE004', 0),
       ('23', 'Berk Melendez', 37, 'G001', 'S001', 'DE003', 'RE005', 0),
       ('230', 'Daquan Bradshaw', 46, 'G002', 'S004', 'DE002', 'RE001', 0),
       ('231', 'Eugenia Ford', 21, 'G001', 'S004', 'DE001', 'RE003', 0),
       ('232', 'Barrett Marquez', 26, 'G001', 'S002', 'DE002', 'RE002', 0),
       ('233', 'Mollie Williams', 48, 'G001', 'S002', 'DE004', 'RE004', 0),
       ('234', 'Jolie Conrad', 38, 'G001', 'S001', 'DE004', 'RE004', 0),
       ('235', 'Hakeem Morris', 40, 'G001', 'S003', 'DE001', 'RE003', 0),
       ('236', 'Phelan Ratliff', 46, 'G002', 'S001', 'DE003', 'RE003', 0),
       ('237', 'Jessica Andrews', 30, 'G001', 'S001', 'DE004', 'RE005', 0),
       ('238', 'Xavier Stuart', 37, 'G002', 'S001', 'DE004', 'RE005', 0),
       ('239', 'Fletcher Frederick', 36, 'G002', 'S003', 'DE001', 'RE002', 0),
       ('24', 'Travis Perez', 36, 'G001', 'S001', 'DE002', 'RE004', 0),
       ('240', 'Gillian Savage', 40, 'G002', 'S002', 'DE001', 'RE003', 0),
       ('241', 'Ivory Melendez', 56, 'G001', 'S004', 'DE004', 'RE004', 0),
       ('242', 'Vincent Pacheco', 39, 'G002', 'S001', 'DE003', 'RE003', 0),
       ('243', 'Serena Preston', 38, 'G002', 'S001', 'DE003', 'RE002', 0),
       ('244', 'Castor Gillespie', 22, 'G002', 'S001', 'DE001', 'RE004', 0),
       ('245', 'Yeo Sullivan', 33, 'G001', 'S001', 'DE003', 'RE005', 0),
       ('246', 'Lev Jacobs', 32, 'G002', 'S001', 'DE001', 'RE001', 0),
       ('247', 'Aphrodite Wolf', 58, 'G002', 'S002', 'DE004', 'RE004', 0),
       ('248', 'Noelani Lewis', 31, 'G001', 'S003', 'DE001', 'RE001', 0),
       ('249', 'Skyler Jefferson', 45, 'G002', 'S003', 'DE001', 'RE002', 0),
       ('25', 'Delilah Whitley', 33, 'G001', 'S004', 'DE002', 'RE001', 0),
       ('250', 'Isaac Morrow', 25, 'G002', 'S004', 'DE002', 'RE001', 0),
       ('251', 'Nissim Boyer', 48, 'G001', 'S001', 'DE003', 'RE002', 0),
       ('252', 'Channing Snyder', 42, 'G001', 'S001', 'DE003', 'RE001', 0),
       ('253', 'Hayes Morgan', 53, 'G001', 'S004', 'DE002', 'RE004', 0),
       ('254', 'Amal Goff', 20, 'G001', 'S002', 'DE004', 'RE001', 0),
       ('255', 'Wade Vincent', 43, 'G001', 'S004', 'DE001', 'RE003', 0),
       ('256', 'Tobias Lindsey', 44, 'G002', 'S001', 'DE003', 'RE001', 0),
       ('257', 'Alec Stanley', 22, 'G001', 'S001', 'DE003', 'RE005', 0),
       ('258', 'Gareth Farmer', 34, 'G001', 'S002', 'DE004', 'RE003', 0),
       ('259', 'Macey Vincent', 39, 'G001', 'S001', 'DE001', 'RE004', 0),
       ('26', 'Ora Carver', 56, 'G001', 'S004', 'DE002', 'RE003', 0),
       ('260', 'Galvin Tate', 53, 'G002', 'S004', 'DE003', 'RE003', 0),
       ('261', 'Farrah Bradford', 57, 'G001', 'S002', 'DE004', 'RE001', 0),
       ('262', 'Zelda Morales', 58, 'G002', 'S004', 'DE003', 'RE003', 0),
       ('263', 'Dorothy Wells', 30, 'G001', 'S004', 'DE004', 'RE001', 0),
       ('264', 'Brandon Diaz', 44, 'G001', 'S001', 'DE004', 'RE004', 0),
       ('265', 'Remedios Cleveland', 24, 'G001', 'S004', 'DE001', 'RE004', 0),
       ('266', 'Wing Conley', 59, 'G002', 'S004', 'DE003', 'RE004', 0),
       ('267', 'Bevis Levy', 53, 'G001', 'S004', 'DE004', 'RE003', 0),
       ('268', 'Melvin Doyle', 50, 'G001', 'S001', 'DE003', 'RE004', 0),
       ('269', 'Maggie Mack', 24, 'G001', 'S002', 'DE002', 'RE005', 0),
       ('27', 'Charles Brown', 48, 'G002', 'S004', 'DE002', 'RE001', 0),
       ('270', 'Buffy Velazquez', 49, 'G002', 'S002', 'DE002', 'RE003', 0),
       ('271', 'Dalton Richards', 37, 'G001', 'S001', 'DE001', 'RE001', 0),
       ('272', 'Deanna Spencer', 40, 'G002', 'S001', 'DE002', 'RE001', 0),
       ('273', 'Ifeoma Dalton', 58, 'G001', 'S003', 'DE001', 'RE004', 0),
       ('274', 'Rhona Carney', 38, 'G002', 'S004', 'DE002', 'RE001', 0),
       ('275', 'Orlando Reed', 50, 'G001', 'S004', 'DE004', 'RE001', 0),
       ('276', 'Allegra Olson', 57, 'G002', 'S001', 'DE002', 'RE002', 0),
       ('277', 'Dana Reese', 39, 'G002', 'S001', 'DE003', 'RE003', 0),
       ('278', 'Suki Hendricks', 27, 'G001', 'S004', 'DE001', 'RE005', 0),
       ('279', 'Brendan Mcclain', 27, 'G002', 'S003', 'DE004', 'RE001', 0),
       ('28', 'Wayne Snyder', 43, 'G001', 'S001', 'DE003', 'RE002', 0),
       ('280', 'Darius Carney', 41, 'G001', 'S002', 'DE004', 'RE003', 0),
       ('281', 'Hollee Mcfadden', 32, 'G001', 'S001', 'DE001', 'RE004', 0),
       ('282', 'Bruno Graves', 55, 'G001', 'S003', 'DE001', 'RE004', 0),
       ('283', 'Damian Fry', 38, 'G002', 'S003', 'DE004', 'RE003', 0),
       ('284', 'Hillary Riley', 37, 'G002', 'S001', 'DE003', 'RE005', 0),
       ('285', 'Cailin Sims', 23, 'G001', 'S003', 'DE004', 'RE005', 0),
       ('286', 'Amir Warren', 22, 'G002', 'S002', 'DE004', 'RE004', 0),
       ('287', 'Rafael Bradshaw', 59, 'G002', 'S004', 'DE004', 'RE004', 0),
       ('288', 'Nero Flores', 22, 'G002', 'S004', 'DE002', 'RE004', 0),
       ('289', 'Cassidy Howe', 22, 'G002', 'S002', 'DE004', 'RE001', 0),
       ('29', 'Noel Lancaster', 57, 'G001', 'S004', 'DE004', 'RE003', 0),
       ('290', 'Zachary Kemp', 21, 'G001', 'S001', 'DE001', 'RE004', 0),
       ('291', 'Kaitlin Weaver', 43, 'G001', 'S001', 'DE003', 'RE004', 0),
       ('292', 'Rowan Peck', 33, 'G001', 'S002', 'DE001', 'RE004', 0),
       ('293', 'Celeste Hurst', 25, 'G002', 'S002', 'DE002', 'RE004', 0),
       ('294', 'Summer Sexton', 34, 'G002', 'S004', 'DE001', 'RE004', 0),
       ('295', 'Debra Brock', 34, 'G001', 'S004', 'DE001', 'RE005', 0),
       ('296', 'Veronica Langley', 31, 'G001', 'S003', 'DE002', 'RE005', 0),
       ('297', 'Ezra Downs', 24, 'G001', 'S003', 'DE004', 'RE002', 0),
       ('298', 'Skyler Johns', 51, 'G002', 'S004', 'DE003', 'RE001', 0),
       ('299', 'Grady Erickson', 26, 'G002', 'S001', 'DE003', 'RE003', 0),
       ('3', 'Orla Evans', 34, 'G001', 'S002', 'DE002', 'RE002', 0),
       ('30', 'Gretchen Cook', 56, 'G001', 'S003', 'DE002', 'RE005', 0),
       ('300', 'Tanek Finley', 28, 'G002', 'S003', 'DE002', 'RE001', 0),
       ('31', 'Charles Christian', 35, 'G002', 'S003', 'DE004', 'RE001', 0),
       ('32', 'Lynn Davenport', 33, 'G001', 'S003', 'DE002', 'RE001', 0),
       ('33', 'Sacha Shannon', 56, 'G001', 'S002', 'DE002', 'RE004', 0),
       ('34', 'Hunter Moran', 56, 'G002', 'S002', 'DE004', 'RE005', 0),
       ('35', 'Sawyer Melendez', 25, 'G001', 'S002', 'DE002', 'RE002', 0),
       ('36', 'Eric Savage', 28, 'G002', 'S001', 'DE003', 'RE004', 0),
       ('37', 'Sylvia Rios', 31, 'G002', 'S003', 'DE004', 'RE004', 0),
       ('38', 'Xaviera Ewing', 33, 'G002', 'S003', 'DE001', 'RE005', 0),
       ('39', 'Margaret Rodriquez', 26, 'G001', 'S001', 'DE003', 'RE005', 0),
       ('4', 'Leo Gray', 22, 'G002', 'S001', 'DE003', 'RE001', 0),
       ('40', 'Althea Dennis', 38, 'G002', 'S002', 'DE002', 'RE005', 0),
       ('41', 'Indira Travis', 39, 'G002', 'S001', 'DE001', 'RE002', 0),
       ('42', 'Nash Knox', 30, 'G002', 'S004', 'DE001', 'RE003', 0),
       ('43', 'Phelan Mercer', 54, 'G002', 'S004', 'DE003', 'RE004', 0),
       ('44', 'Jerry Fischer', 44, 'G001', 'S001', 'DE003', 'RE001', 0),
       ('45', 'Richard Haynes', 40, 'G001', 'S004', 'DE002', 'RE003', 0),
       ('46', 'Colt Lee', 33, 'G001', 'S001', 'DE003', 'RE004', 0),
       ('47', 'Marny Pugh', 31, 'G001', 'S004', 'DE004', 'RE005', 0),
       ('48', 'Mannix Hale', 20, 'G002', 'S004', 'DE002', 'RE004', 0),
       ('49', 'Noelle Chaney', 58, 'G001', 'S003', 'DE001', 'RE005', 0),
       ('5', 'Melanie Conner', 33, 'G001', 'S004', 'DE001', 'RE001', 0),
       ('50', 'Jakeem Conner', 22, 'G001', 'S001', 'DE003', 'RE003', 0),
       ('51', 'Lavinia Morin', 42, 'G002', 'S001', 'DE002', 'RE002', 0),
       ('52', 'Demetrius Martin', 47, 'G001', 'S001', 'DE002', 'RE005', 0),
       ('53', 'Willow Green', 32, 'G002', 'S001', 'DE003', 'RE003', 0),
       ('54', 'Montana Luna', 40, 'G001', 'S002', 'DE001', 'RE005', 0),
       ('55', 'Jackson Mays', 29, 'G001', 'S001', 'DE001', 'RE002', 0),
       ('56', 'Jared Mullen', 59, 'G001', 'S004', 'DE002', 'RE002', 0),
       ('57', 'Emmanuel Haney', 36, 'G002', 'S003', 'DE004', 'RE001', 0),
       ('58', 'Cleo Fuller', 25, 'G001', 'S004', 'DE001', 'RE004', 0),
       ('59', 'Hashim Pace', 38, 'G002', 'S003', 'DE002', 'RE001', 0),
       ('6', 'Aurelia House', 28, 'G001', 'S001', 'DE004', 'RE003', 0),
       ('60', 'Quail Atkins', 39, 'G002', 'S002', 'DE004', 'RE004', 0),
       ('61', 'Hamish Lara', 60, 'G002', 'S002', 'DE002', 'RE002', 0),
       ('62', 'Ori Newton', 29, 'G001', 'S004', 'DE001', 'RE003', 0),
       ('63', 'Preston Jennings', 27, 'G001', 'S001', 'DE002', 'RE003', 0),
       ('64', 'Fleur Conner', 48, 'G002', 'S001', 'DE004', 'RE003', 0),
       ('65', 'Tatum Irwin', 22, 'G001', 'S001', 'DE002', 'RE005', 0),
       ('66', 'Wylie Wells', 35, 'G001', 'S002', 'DE004', 'RE004', 0),
       ('67', 'Ariel Rodriquez', 41, 'G002', 'S001', 'DE001', 'RE001', 0),
       ('68', 'Kylee West', 47, 'G001', 'S002', 'DE002', 'RE005', 0),
       ('69', 'Lance Compton', 20, 'G002', 'S004', 'DE001', 'RE003', 0),
       ('7', 'Wallace Bates', 52, 'G001', 'S001', 'DE001', 'RE003', 0),
       ('70', 'Serena Cooper', 48, 'G002', 'S003', 'DE001', 'RE002', 0),
       ('71', 'Colorado Hart', 51, 'G002', 'S004', 'DE003', 'RE002', 0),
       ('72', 'Unity Sanford', 36, 'G001', 'S001', 'DE003', 'RE005', 0),
       ('73', 'Tiger Hopper', 24, 'G001', 'S002', 'DE002', 'RE003', 0),
       ('74', 'Maggy Clements', 28, 'G001', 'S001', 'DE004', 'RE003', 0),
       ('75', 'Winifred Cantu', 37, 'G001', 'S003', 'DE004', 'RE005', 0),
       ('76', 'Demetrius Burnett', 24, 'G002', 'S001', 'DE001', 'RE003', 0),
       ('77', 'Zephania Weber', 25, 'G001', 'S001', 'DE003', 'RE003', 0),
       ('78', 'Murphy Ramos', 38, 'G001', 'S001', 'DE003', 'RE002', 0),
       ('79', 'Deacon Gardner', 33, 'G002', 'S004', 'DE002', 'RE004', 0),
       ('8', 'Iona Thompson', 55, 'G002', 'S003', 'DE001', 'RE003', 0),
       ('80', 'Alden English', 37, 'G001', 'S002', 'DE004', 'RE004', 0),
       ('81', 'Kylee French', 51, 'G002', 'S001', 'DE001', 'RE001', 0),
       ('82', 'Theodore Greer', 41, 'G002', 'S001', 'DE003', 'RE001', 0),
       ('83', 'Emerson Howard', 60, 'G002', 'S001', 'DE004', 'RE004', 0),
       ('84', 'Sierra Cruz', 28, 'G002', 'S004', 'DE002', 'RE005', 0),
       ('85', 'Quamar Clements', 30, 'G002', 'S003', 'DE002', 'RE004', 0),
       ('86', 'Tallulah Mason', 43, 'G002', 'S001', 'DE003', 'RE005', 0),
       ('87', 'Rhea Sullivan', 28, 'G002', 'S001', 'DE003', 'RE005', 0),
       ('88', 'August Andrews', 33, 'G001', 'S001', 'DE002', 'RE003', 0),
       ('89', 'Wayne Langley', 21, 'G001', 'S001', 'DE003', 'RE003', 0),
       ('9', 'Callum Harris', 44, 'G002', 'S004', 'DE002', 'RE002', 0),
       ('90', 'Colton Woodward', 42, 'G001', 'S003', 'DE002', 'RE001', 0),
       ('91', 'Upton Day', 50, 'G002', 'S001', 'DE003', 'RE003', 0),
       ('92', 'Anjolie Mullins', 50, 'G001', 'S002', 'DE004', 'RE005', 0),
       ('93', 'Kirestin Steele', 26, 'G002', 'S002', 'DE004', 'RE001', 0),
       ('94', 'Griffin Chambers', 33, 'G001', 'S001', 'DE004', 'RE001', 0),
       ('95', 'Blake Cantrell', 26, 'G001', 'S001', 'DE001', 'RE004', 0),
       ('96', 'Melinda Schroeder', 45, 'G002', 'S004', 'DE004', 'RE003', 0),
       ('97', 'Denton Mitchell', 25, 'G002', 'S003', 'DE001', 'RE001', 0),
       ('98', 'Hadley Watkins', 39, 'G001', 'S001', 'DE001', 'RE001', 0),
       ('99', 'Piper Spears', 44, 'G001', 'S002', 'DE002', 'RE003', 0);

/*Table structure for table `n_drugSpecification` */

DROP TABLE IF EXISTS `n_drugSpecification`;

CREATE TABLE `n_drugSpecification`
(
    `s_id`   varchar(100) NOT NULL COMMENT '药品规格id',
    `s_name` varchar(100) DEFAULT NULL COMMENT '规格名称',
    PRIMARY KEY (`s_id`)
) ENGINE=InnoDB DEFAULT CHARSET=utf8;

/*Data for the table `n_drugSpecification` */

insert into `n_drugSpecification`(`s_id`, `s_name`)
values ('S-001', '吸入药物'),
       ('S-002', '注射药物'),
       ('S-003', '局麻药'),
       ('S-004', '医疗气体'),
       ('S-005', '镇痛药'),
       ('S-006', '抗组胺药'),
       ('S-007', '解毒药'),
       ('S-008', '抗躁狂药');

/*Table structure for table `n_generalItem` */

DROP TABLE IF EXISTS `n_generalItem`;

CREATE TABLE `n_generalItem`
(
    `coding` char(4)     DEFAULT NULL COMMENT '编码',
    `value`  varchar(50) DEFAULT NULL COMMENT '值'
) ENGINE=InnoDB DEFAULT CHARSET=utf8;

/*Data for the table `n_generalItem` */

insert into `n_generalItem`(`coding`, `value`)
values ('G001', '男'),
       ('G002', '女'),
       ('G003', '专家门诊'),
       ('G004', '特需号'),
       ('G005', '会诊'),
       ('G006', '普通门诊'),
       ('G007', '一般门诊');

/*Table structure for table `n_landingAds` */

DROP TABLE IF EXISTS `n_landingAds`;

CREATE TABLE `n_landingAds`
(
    `id`     varchar(200) NOT NULL,
    `imgUrl` varchar(500) DEFAULT NULL,
    `ads`    varchar(500) DEFAULT NULL,
    PRIMARY KEY (`id`)
) ENGINE=InnoDB DEFAULT CHARSET=utf8;

/*Data for the table `n_landingAds` */

insert into `n_landingAds`(`id`, `imgUrl`, `ads`)
values ('1', 'http://localhost:8000//hospital//Img//login//1.jpg',
        'https://www.bilibili.com/video/BV1pb4y1Z75X?spm_id_from=333.999.0.0'),
       ('2', 'http://localhost:8000//hospital//Img//login//2.jpg',
        'https://www.bilibili.com/video/BV1Az4y1177N?spm_id_from=333.999.0.0'),
       ('3', 'http://localhost:8000//hospital//Img//login//3.jpg',
        'https://www.bilibili.com/video/BV195411A74C?spm_id_from=333.999.0.0'),
       ('4', 'http://localhost:8000//hospital//Img//login//4.gif',
        'https://www.bilibili.com/video/BV1uK4y1D7j4?spm_id_from=333.999.0.0'),
       ('5', 'http://localhost:8000//hospital//Img//login//5.jpg', 'https://github.com/Larimari1314'),
       ('6', 'http://localhost:8000//hospital//Img//login//6.jpg',
        'https://element.eleme.io/#/zh-CN/component/custom-theme'),
       ('7', 'http://localhost:8000//hospital//Img//login//7.jpg', 'https://gitee.com/ljwlove_me');

/*Table structure for table `n_login` */

DROP TABLE IF EXISTS `n_login`;

CREATE TABLE `n_login`
(
    `l_id`         varchar(100) NOT NULL COMMENT '登录id',
    `l_avatar`     varchar(100) DEFAULT NULL COMMENT '头像',
    `l_userName`   varchar(100) DEFAULT NULL COMMENT '用户名',
    `l_password`   varchar(100) DEFAULT NULL COMMENT '登陆密码',
    `l_permission` int(11) DEFAULT NULL COMMENT '权限id',
    PRIMARY KEY (`l_id`),
    KEY            `admin_permission` (`l_permission`)
) ENGINE=InnoDB DEFAULT CHARSET=utf8;

/*Data for the table `n_login` */

insert into `n_login`(`l_id`, `l_avatar`, `l_userName`, `l_password`, `l_permission`)
values ('1', 'http://localhost:8000/hospital/Img/admin/1/1.jpg', 'admin', 'e10adc3949ba59abbe56e057f20f883e', 1);

/*Table structure for table `n_nonDrug` */

DROP TABLE IF EXISTS `n_nonDrug`;

CREATE TABLE `n_nonDrug`
(
    `d_id`            varchar(100) NOT NULL COMMENT '药品id',
    `d_cover`         varchar(300) DEFAULT NULL COMMENT '药品封面',
    `d_name`          varchar(100) DEFAULT NULL COMMENT '药品名称',
    `d_specification` varchar(100) DEFAULT NULL COMMENT '药品规格',
    `d_number`        int(11) DEFAULT NULL COMMENT '药品数量',
    `d_price`         int(11) DEFAULT NULL COMMENT '药品单价',
    `d_delete`        int(11) DEFAULT '0' COMMENT '逻辑删除',
    `d_enable`        int(11) DEFAULT '0' COMMENT '对外启用',
    `d_version`       int(11) DEFAULT '0' COMMENT '乐观锁',
    PRIMARY KEY (`d_id`),
    KEY               `drug_spe_key` (`d_specification`),
    CONSTRAINT `drug_spe_key` FOREIGN KEY (`d_specification`) REFERENCES `n_drugSpecification` (`s_id`)
) ENGINE=InnoDB DEFAULT CHARSET=utf8;

/*Data for the table `n_nonDrug` */

insert into `n_nonDrug`(`d_id`, `d_cover`, `d_name`, `d_specification`, `d_number`, `d_price`, `d_delete`, `d_enable`,
                        `d_version`)
values ('1', 'http://localhost:8000/hospital/Img/nonDrug/1/1.jpg', '氟烷气体', 'S-001', 998, 80, 0, 0, 5),
       ('10', 'http://localhost:8000/hospital/Img/nonDrug/10/10.jpg', '咪达唑仑\r', 'S-005', 999, 150, 1, 0, 0),
       ('11', 'http://localhost:8000/hospital/Img/nonDrug/11/11.jpg', '吗啡', 'S-005', 999, 125, 0, 1, 0),
       ('12', 'http://localhost:8000/hospital/Img/nonDrug/12/12.jpg', '氧气', 'S-004', 999, 35, 0, 0, 0),
       ('13', 'http://localhost:8000/hospital/Img/nonDrug/13/13.jpg', '乙酰水杨酸', 'S-005', 999, 54, 0, 0, 0),
       ('14', 'http://localhost:8000/hospital/Img/nonDrug/14/14.jpg', '布洛芬□a', 'S-005', 999, 65, 0, 0, 0),
       ('15', 'http://localhost:8000/hospital/Img/nonDrug/15/15.jpg', '扑热息痛*', 'S-005', 999, 99, 0, 0, 0),
       ('16', 'http://localhost:8000/hospital/Img/nonDrug/16/16.jpg', '芬太尼', 'S-005', 999, 120, 0, 0, 0),
       ('17', 'http://localhost:8000/hospital/Img/nonDrug/17/17.jpg', '吗啡*', 'S-005', 999, 65, 0, 1, 0),
       ('18', 'http://localhost:8000/hospital/Img/nonDrug/18/18.jpg', '地塞米松', 'S-006', 999, 320, 0, 0, 0),
       ('19', 'http://localhost:8000/hospital/Img/nonDrug/19/19.jpg', '肾上腺素（肾上腺素）', 'S-006', 999, 154, 0, 0, 0),
       ('2', 'http://localhost:8000/hospital/Img/nonDrug/2/2.jpg', '异氟醚', 'S-001', 999, 90, 0, 0, 0),
       ('20', 'http://localhost:8000/hospital/Img/nonDrug/20/20.jpg', '氢化可的松', 'S-006', 999, 162, 0, 0, 0),
       ('21', 'http://localhost:8000/hospital/Img/nonDrug/21/21.jpg', '氯雷他定*', 'S-006', 999, 232, 0, 0, 0),
       ('22', 'http://localhost:8000/hospital/Img/nonDrug/22/22.jpg', '泼尼松龙', 'S-006', 999, 124, 0, 0, 0),
       ('23', 'http://localhost:8000/hospital/Img/nonDrug/23/23.jpg', '乙酰半胱氨酸', 'S-007', 999, 213, 0, 0, 0),
       ('24', 'http://localhost:8000/hospital/Img/nonDrug/24/24.jpg', '葡萄糖酸钙', 'S-007', 999, 145, 0, 0, 0),
       ('25', 'http://localhost:8000/hospital/Img/nonDrug/25/25.jpg', '亚甲蓝', 'S-007', 999, 134, 0, 0, 0),
       ('26', 'http://localhost:8000/hospital/Img/nonDrug/26/26.jpg', '纳洛酮 ', 'S-007', 999, 124, 0, 0, 0),
       ('27', 'http://localhost:8000/hospital/Img/nonDrug/27/27.jpg', '青霉胺', 'S-007', 999, 75, 0, 0, 0),
       ('28', 'http://localhost:8000/hospital/Img/nonDrug/28/28.jpg', '六氰合铁酸钾铁', 'S-007', 999, 35, 0, 0, 2),
       ('29', 'http://localhost:8000/hospital/Img/nonDrug/29/29.jpg', '卡马西平', 'S-008', 999, 45, 0, 0, 1),
       ('3', 'http://localhost:8000/hospital/Img/nonDrug/3/3.jpg', '一氧化二氮', 'S-001', 999, 75, 0, 0, 1),
       ('30', 'http://localhost:8000/hospital/Img/nonDrug/30/30.jpg', '左旋咪唑', 'S-008', 999, 47, 0, 0, 1),
       ('31', 'http://localhost:8000/hospital/Img/nonDrug/31/31.jpg', '苯妥英钠', 'S-008', 999, 75, 0, 0, 1),
       ('4', 'http://localhost:8000/hospital/Img/nonDrug/4/4.jpg', '氯胺酮', 'S-002', 999, 58, 0, 0, 1),
       ('5', 'http://localhost:8000/hospital/Img/nonDrug/5/5.jpg', '丙泊酚*', 'S-002', 999, 85, 0, 0, 1),
       ('6', 'http://localhost:8000/hospital/Img/nonDrug/6/6.jpg', '布比卡因', 'S-003', 999, 52, 0, 0, 1),
       ('7', 'http://localhost:8000/hospital/Img/nonDrug/7/7.jpg', '利多卡因', 'S-003', 999, 58, 0, 0, 1),
       ('8', 'http://localhost:8000/hospital/Img/nonDrug/8/8.jpg', '利多卡因+肾上腺素', 'S-003', 999, 85, 0, 0, 1),
       ('9', 'http://localhost:8000/hospital/Img/nonDrug/9/9.jpg', '阿托品', 'S-005', 999, 75, 0, 0, 1);

/*Table structure for table `n_permission` */

DROP TABLE IF EXISTS `n_permission`;

CREATE TABLE `n_permission`
(
    `p_id`         int(11) NOT NULL COMMENT '权限id',
    `p_permission` tinyint(4) DEFAULT NULL COMMENT '访问boolean',
    `p_url`        varchar(300) DEFAULT NULL
) ENGINE=InnoDB DEFAULT CHARSET=utf8;

/*Data for the table `n_permission` */

insert into `n_permission`(`p_id`, `p_permission`, `p_url`)
values (1, 1, '/departClassification/getDepartClassList'),
       (1, 1, '/department/findDepartment'),
       (1, 1, '/department/updateDepartment'),
       (1, 1, '/department/addDepartment'),
       (1, 1, '/generalitem/findGender'),
       (1, 1, '/user/findUser'),
       (1, 1, '/user/deleteByIds'),
       (1, 1, '/user/updateUser'),
       (1, 1, '/user/addUser'),
       (1, 1, '/user/dataTemplateDownload'),
       (1, 1, '/user/exportData'),
       (1, 1, '/user/analyseFile'),
       (1, 1, '/registered/findByName'),
       (1, 1, '/registered/updatePrice'),
       (1, 1, '/doctor/findByRegistered'),
       (1, 1, '/nondrug/findAllSpecification'),
       (1, 1, '/nondrug/getAllDrugByRequire'),
       (1, 1, '/nondrug/modifyEnable'),
       (1, 1, '/nondrug/deleteByIds'),
       (1, 1, '/nondrug/updateDrug'),
       (1, 1, '/nondrug/addDrug'),
       (1, 1, '/nondrug/dataTemplateDownload'),
       (1, 1, '/nondrug/exportData'),
       (1, 1, '/nondrug/analyseFile'),
       (1, 1, '/generalitem/findByRegistered'),
       (1, 1, '/department/findDepartment'),
       (1, 1, '/doctor/findAllDoctor'),
       (1, 1, '/doctor/deleteByIds'),
       (1, 1, '/doctor/addDoctor'),
       (1, 1, '/schedule/findScheduleList'),
       (1, 1, '/schedule/getAllScheduleList'),
       (1, 1, '/doctor/setUpSchedule'),
       (1, 1, '/generalitem/getAll'),
       (1, 1, '/generalitem/editGeneralitem'),
       (1, 1, '/doctor/deletePermanently'),
       (1, 1, '/doctor/dataRecovery'),
       (1, 1, '/doctor/checkDeleteDoctor'),
       (1, 1, '/nondrug/getDeleteDrug'),
       (1, 1, '/nondrug/dataRecovery'),
       (1, 1, '/nondrug/deletePermanently'),
       (1, 1, '/user/getDeleteUser'),
       (1, 1, '/user/dataRecovery'),
       (1, 1, '/user/deletePermanently'),
       (1, 1, '/login/modifyLoginInformation'),
       (1, 1, '/login/getAllAds'),
       (1, 1, '/login/getAdminImgUrl'),
       (1, 1, '/login/adminRequestLogin'),
       (1, 1, '/login/logout');

/*Table structure for table `n_registered` */

DROP TABLE IF EXISTS `n_registered`;

CREATE TABLE `n_registered`
(
    `r_id`      varchar(100) NOT NULL COMMENT '挂号级别id',
    `r_name`    char(4) DEFAULT NULL COMMENT '挂号级别',
    `r_price`   int(11) DEFAULT NULL COMMENT '挂号金额',
    `r_version` int(11) DEFAULT '0' COMMENT '乐观锁',
    PRIMARY KEY (`r_id`)
) ENGINE=InnoDB DEFAULT CHARSET=utf8;

/*Data for the table `n_registered` */

insert into `n_registered`(`r_id`, `r_name`, `r_price`, `r_version`)
values ('RE001', 'G003', 90, 14),
       ('RE002', 'G004', 180, 0),
       ('RE003', 'G005', 280, 0),
       ('RE004', 'G006', 30, 0),
       ('Re005', 'G007', 50, 0);

/*Table structure for table `n_schedule` */

DROP TABLE IF EXISTS `n_schedule`;

CREATE TABLE `n_schedule`
(
    `s_id`    varchar(100) NOT NULL COMMENT '排班表id',
    `s_name`  varchar(100) DEFAULT NULL COMMENT '排班名称',
    `s_start` time         DEFAULT NULL COMMENT '起始时间',
    `s_end`   time         DEFAULT NULL COMMENT '结束时间',
    PRIMARY KEY (`s_id`)
) ENGINE=InnoDB DEFAULT CHARSET=utf8;

/*Data for the table `n_schedule` */

insert into `n_schedule`(`s_id`, `s_name`, `s_start`, `s_end`)
values ('S001', '早班', '08:00:00', '11:00:00'),
       ('S002', '午班', '13:30:00', '17:00:00'),
       ('S003', '晚班', '19:00:00', '22:00:00'),
       ('S004', '全天班次', '08:00:00', '17:00:00');

/*Table structure for table `n_user` */

DROP TABLE IF EXISTS `n_user`;

CREATE TABLE `n_user`
(
    `u_id`             varchar(100) NOT NULL,
    `u_username`       varchar(20)  DEFAULT NULL COMMENT '用户名',
    `u_age`            int(11) DEFAULT NULL COMMENT '年龄',
    `u_birthday`       date         DEFAULT NULL COMMENT '用户生日',
    `u_identityNumber` char(18)     DEFAULT NULL COMMENT '用户身份证号码',
    `u_avatar`         varchar(100) DEFAULT NULL COMMENT '用户头像',
    `u_sex`            char(4)      DEFAULT NULL COMMENT '用户性别',
    `u_delete`         int(11) DEFAULT '0' COMMENT '逻辑删除',
    PRIMARY KEY (`u_id`)
) ENGINE=InnoDB DEFAULT CHARSET=utf8;

/*Data for the table `n_user` */

insert into `n_user`(`u_id`, `u_username`, `u_age`, `u_birthday`, `u_identityNumber`, `u_avatar`, `u_sex`, `u_delete`)
values ('1', 'Ronan', 24, '1989-07-20', '211382200506040059', ' http://localhost:8000/hospital/Img/user/default.jpg',
        'G002', 0),
       ('100', 'Cullen', 55, '1969-02-22', '211382200506040059', ' http://localhost:8000/hospital/Img/user/default.jpg',
        'G002', 1),
       ('101', 'Rajah', 23, '1999-07-07', '211382200506040059', ' http://localhost:8000/hospital/Img/user/101.jpg',
        'G001', 0),
       ('102', 'Hyatt', 21, '2001-02-03', '211382200506040059', 'http://localhost:8000/hospital/Img/user/102.jpg',
        'G002', 0),
       ('103', 'Damian', 52, '1970-05-11', '211382200506040059', 'http://localhost:8000/hospital/Img/user/103.jpg',
        'G002', 1),
       ('104', 'Ian', 33, '1989-11-03', '211382200506040059', 'http://localhost:8000/hospital/Img/user/104.jpg', 'G002',
        1),
       ('105', 'Christian', 75, '1947-09-28', '211382200506040059',
        ' http://localhost:8000/hospital/Img/user/default.jpg', 'G001', 1),
       ('106', 'Barry', 36, '1950-08-01', '211382200506040059', ' http://localhost:8000/hospital/Img/user/default.jpg',
        'G002', 0),
       ('107', 'Brenden', 29, '1993-01-03', '211382200506040059',
        ' http://localhost:8000/hospital/Img/user/default.jpg', 'G001', 0),
       ('108', 'Carson', 65, '1957-05-06', '211382200506040059', ' http://localhost:8000/hospital/Img/user/default.jpg',
        'G002', 0),
       ('109', 'Beau', 39, '1975-05-20', '211382200506040059', ' http://localhost:8000/hospital/Img/user/default.jpg',
        'G002', 0),
       ('11', 'Beau', 26, '1966-08-23', '211382200506040059', ' http://localhost:8000/hospital/Img/user/default.jpg',
        'G002', 0),
       ('110', 'Chaim', 55, '1966-01-07', '211382200506040059', ' http://localhost:8000/hospital/Img/user/default.jpg',
        'G001', 0),
       ('111', 'Solomon', 45, '1988-05-06', '211382200506040059',
        ' http://localhost:8000/hospital/Img/user/default.jpg', 'G001', 0),
       ('112', 'Cullen', 73, '1995-04-22', '211382200506040059', ' http://localhost:8000/hospital/Img/user/default.jpg',
        'G001', 0),
       ('113', 'Emmanuel', 55, '1982-11-08', '211382200506040059',
        ' http://localhost:8000/hospital/Img/user/default.jpg', 'G002', 0),
       ('114', 'Micah', 68, '1950-09-12', '211382200506040059', ' http://localhost:8000/hospital/Img/user/default.jpg',
        'G001', 0),
       ('115', 'Xander', 60, '1973-04-02', '211382200506040059', ' http://localhost:8000/hospital/Img/user/default.jpg',
        'G002', 0),
       ('116', 'Ezekiel', 24, '1959-06-30', '211382200506040059',
        ' http://localhost:8000/hospital/Img/user/default.jpg', 'G001', 0),
       ('117', 'Burton', 80, '1949-10-23', '211382200506040059', ' http://localhost:8000/hospital/Img/user/default.jpg',
        'G001', 0),
       ('118', 'Alec', 59, '1969-10-20', '211382200506040059', ' http://localhost:8000/hospital/Img/user/default.jpg',
        'G002', 0),
       ('119', 'Hasad', 55, '1967-04-08', '211382200506040059', ' http://localhost:8000/hospital/Img/user/default.jpg',
        'G001', 0),
       ('12', 'Conan', 64, '1998-08-01', '211382200506040059', ' http://localhost:8000/hospital/Img/user/default.jpg',
        'G002', 0),
       ('120', 'Alexander', 26, '2001-11-18', '211382200506040059',
        ' http://localhost:8000/hospital/Img/user/default.jpg', 'G001', 0),
       ('121', 'Bernard', 55, '1960-03-10', '211382200506040059',
        ' http://localhost:8000/hospital/Img/user/default.jpg', 'G002', 0),
       ('122', 'Jesse', 47, '1999-04-28', '211382200506040059', ' http://localhost:8000/hospital/Img/user/default.jpg',
        'G001', 0),
       ('123', 'Jesse', 65, '1961-02-26', '211382200506040059', ' http://localhost:8000/hospital/Img/user/default.jpg',
        'G001', 0),
       ('124', 'Lewis', 66, '1989-03-28', '211382200506040059', ' http://localhost:8000/hospital/Img/user/default.jpg',
        'G002', 0),
       ('125', 'Brennan', 41, '1986-03-07', '211382200506040059',
        ' http://localhost:8000/hospital/Img/user/default.jpg', 'G001', 0),
       ('126', 'Burton', 32, '1962-02-27', '211382200506040059', ' http://localhost:8000/hospital/Img/user/default.jpg',
        'G002', 0),
       ('127', 'Martin', 38, '1995-12-30', '211382200506040059', ' http://localhost:8000/hospital/Img/user/default.jpg',
        'G002', 0),
       ('128', 'Aladdin', 65, '1955-05-19', '211382200506040059',
        ' http://localhost:8000/hospital/Img/user/default.jpg', 'G002', 0),
       ('129', 'Garrett', 72, '1985-11-13', '211382200506040059',
        ' http://localhost:8000/hospital/Img/user/default.jpg', 'G001', 0),
       ('13', 'Kuame', 85, '1976-11-20', '211382200506040059', ' http://localhost:8000/hospital/Img/user/default.jpg',
        'G001', 0),
       ('130', 'Abel', 95, '1997-01-02', '211382200506040059', ' http://localhost:8000/hospital/Img/user/default.jpg',
        'G001', 0),
       ('131', 'Chase', 80, '1988-06-18', '211382200506040059', ' http://localhost:8000/hospital/Img/user/default.jpg',
        'G002', 0),
       ('132', 'Seth', 59, '1947-07-31', '211382200506040059', ' http://localhost:8000/hospital/Img/user/default.jpg',
        'G002', 0),
       ('133', 'Hu', 94, '1992-03-20', '211382200506040059', ' http://localhost:8000/hospital/Img/user/default.jpg',
        'G002', 0),
       ('134', 'Levi', 40, '1969-01-26', '211382200506040059', ' http://localhost:8000/hospital/Img/user/default.jpg',
        'G002', 0),
       ('135', 'Abel', 56, '1988-11-29', '211382200506040059', ' http://localhost:8000/hospital/Img/user/default.jpg',
        'G001', 0),
       ('136', 'Abbot', 19, '1995-03-28', '211382200506040059', ' http://localhost:8000/hospital/Img/user/default.jpg',
        'G002', 0),
       ('137', 'Dustin', 79, '1968-02-10', '211382200506040059', ' http://localhost:8000/hospital/Img/user/default.jpg',
        'G001', 0),
       ('138', 'Neville', 40, '1977-10-28', '211382200506040059',
        ' http://localhost:8000/hospital/Img/user/default.jpg', 'G002', 0),
       ('139', 'Slade', 23, '1983-10-29', '211382200506040059', ' http://localhost:8000/hospital/Img/user/default.jpg',
        'G001', 0),
       ('14', 'Cullen', 64, '1981-03-26', '211382200506040059', ' http://localhost:8000/hospital/Img/user/default.jpg',
        'G002', 0),
       ('140', 'Scott', 86, '1954-05-19', '211382200506040059', ' http://localhost:8000/hospital/Img/user/default.jpg',
        'G001', 0),
       ('141', 'Vernon', 28, '1960-07-23', '211382200506040059', ' http://localhost:8000/hospital/Img/user/default.jpg',
        'G001', 0),
       ('142', 'Harding', 84, '1982-02-08', '211382200506040059',
        ' http://localhost:8000/hospital/Img/user/default.jpg', 'G002', 0),
       ('143', 'Walker', 82, '1953-09-08', '211382200506040059', ' http://localhost:8000/hospital/Img/user/default.jpg',
        'G001', 0),
       ('144', 'Salvador', 82, '1966-01-22', '211382200506040059',
        ' http://localhost:8000/hospital/Img/user/default.jpg', 'G001', 0),
       ('145', 'Aidan', 64, '1996-05-14', '211382200506040059', ' http://localhost:8000/hospital/Img/user/default.jpg',
        'G002', 0),
       ('146', 'Troy', 31, '1969-08-02', '211382200506040059', ' http://localhost:8000/hospital/Img/user/default.jpg',
        'G002', 0),
       ('147', 'Moses', 61, '1997-01-20', '211382200506040059', ' http://localhost:8000/hospital/Img/user/default.jpg',
        'G002', 0),
       ('148', 'Guy', 43, '1995-02-21', '211382200506040059', ' http://localhost:8000/hospital/Img/user/default.jpg',
        'G001', 0),
       ('149', 'Boris', 58, '1960-07-18', '211382200506040059', ' http://localhost:8000/hospital/Img/user/default.jpg',
        'G002', 0),
       ('15', 'Gareth', 82, '1995-05-24', '211382200506040059', ' http://localhost:8000/hospital/Img/user/default.jpg',
        'G001', 0),
       ('150', 'Ferdinand', 87, '1984-06-15', '211382200506040059',
        ' http://localhost:8000/hospital/Img/user/default.jpg', 'G002', 0),
       ('151', 'Uriah', 74, '2001-05-27', '211382200506040059', ' http://localhost:8000/hospital/Img/user/default.jpg',
        'G002', 0),
       ('152', 'Boris', 93, '1976-09-30', '211382200506040059', ' http://localhost:8000/hospital/Img/user/default.jpg',
        'G002', 0),
       ('153', 'Jacob', 59, '1953-02-18', '211382200506040059', ' http://localhost:8000/hospital/Img/user/default.jpg',
        'G001', 0),
       ('154', 'Jordan', 76, '1996-01-24', '211382200506040059', ' http://localhost:8000/hospital/Img/user/default.jpg',
        'G002', 0),
       ('155', 'Driscoll', 78, '1988-10-20', '211382200506040059',
        ' http://localhost:8000/hospital/Img/user/default.jpg', 'G001', 0),
       ('156', 'Rooney', 47, '1999-02-25', '211382200506040059', ' http://localhost:8000/hospital/Img/user/default.jpg',
        'G001', 0),
       ('157', 'Steel', 44, '1972-08-16', '211382200506040059', ' http://localhost:8000/hospital/Img/user/default.jpg',
        'G001', 0),
       ('158', 'Grady', 69, '1986-07-15', '211382200506040059', ' http://localhost:8000/hospital/Img/user/default.jpg',
        'G002', 0),
       ('159', 'Hasad', 32, '1959-10-07', '211382200506040059', ' http://localhost:8000/hospital/Img/user/default.jpg',
        'G002', 0),
       ('16', 'Allistair', 84, '1990-04-29', '211382200506040059',
        ' http://localhost:8000/hospital/Img/user/default.jpg', 'G001', 0),
       ('160', 'Bevis', 19, '1977-09-30', '211382200506040059', ' http://localhost:8000/hospital/Img/user/default.jpg',
        'G002', 0),
       ('161', 'Curran', 19, '1953-12-29', '211382200506040059', ' http://localhost:8000/hospital/Img/user/default.jpg',
        'G002', 0),
       ('162', 'Merrill', 70, '1973-10-05', '211382200506040059',
        ' http://localhost:8000/hospital/Img/user/default.jpg', 'G002', 0),
       ('163', 'Clarke', 60, '1973-04-14', '211382200506040059', ' http://localhost:8000/hospital/Img/user/default.jpg',
        'G002', 0),
       ('164', 'Uriah', 83, '1949-10-09', '211382200506040059', ' http://localhost:8000/hospital/Img/user/default.jpg',
        'G002', 0),
       ('165', 'Keith', 65, '1951-05-24', '211382200506040059', ' http://localhost:8000/hospital/Img/user/default.jpg',
        'G002', 0),
       ('166', 'Drake', 70, '1975-07-19', '211382200506040059', ' http://localhost:8000/hospital/Img/user/default.jpg',
        'G002', 0),
       ('167', 'William', 41, '1988-07-19', '211382200506040059',
        ' http://localhost:8000/hospital/Img/user/default.jpg', 'G002', 0),
       ('168', 'Tucker', 48, '1962-02-23', '211382200506040059', ' http://localhost:8000/hospital/Img/user/default.jpg',
        'G001', 0),
       ('169', 'Nash', 52, '1956-04-23', '211382200506040059', ' http://localhost:8000/hospital/Img/user/default.jpg',
        'G001', 0),
       ('17', 'Lewis', 79, '1960-12-05', '211382200506040059', ' http://localhost:8000/hospital/Img/user/default.jpg',
        'G002', 0),
       ('170', 'Slade', 91, '1997-12-28', '211382200506040059', ' http://localhost:8000/hospital/Img/user/default.jpg',
        'G001', 0),
       ('171', 'Lev', 96, '1986-03-23', '211382200506040059', ' http://localhost:8000/hospital/Img/user/default.jpg',
        'G001', 0),
       ('172', 'Gavin', 97, '1962-01-04', '211382200506040059', ' http://localhost:8000/hospital/Img/user/default.jpg',
        'G001', 0),
       ('173', 'Guy', 24, '1950-11-10', '211382200506040059', ' http://localhost:8000/hospital/Img/user/default.jpg',
        'G002', 0),
       ('174', 'Gray', 99, '1959-06-18', '211382200506040059', ' http://localhost:8000/hospital/Img/user/default.jpg',
        'G001', 0),
       ('175', 'Omar', 48, '1990-06-28', '211382200506040059', ' http://localhost:8000/hospital/Img/user/default.jpg',
        'G001', 0),
       ('176', 'Avram', 69, '1954-12-26', '211382200506040059', ' http://localhost:8000/hospital/Img/user/default.jpg',
        'G002', 0),
       ('177', 'Nissim', 70, '1980-04-17', '211382200506040059', ' http://localhost:8000/hospital/Img/user/default.jpg',
        'G002', 0),
       ('178', 'Benedict', 85, '1950-03-17', '211382200506040059',
        ' http://localhost:8000/hospital/Img/user/default.jpg', 'G002', 0),
       ('179', 'Bruce', 56, '1981-12-31', '211382200506040059', ' http://localhost:8000/hospital/Img/user/default.jpg',
        'G002', 0),
       ('18', 'Randall', 74, '1949-02-27', '211382200506040059', ' http://localhost:8000/hospital/Img/user/default.jpg',
        'G001', 0),
       ('180', 'Craig', 46, '1994-09-22', '211382200506040059', ' http://localhost:8000/hospital/Img/user/default.jpg',
        'G002', 0),
       ('181', 'Howard', 81, '1986-10-17', '211382200506040059', ' http://localhost:8000/hospital/Img/user/default.jpg',
        'G001', 0),
       ('182', 'August', 84, '1994-06-25', '211382200506040059', ' http://localhost:8000/hospital/Img/user/default.jpg',
        'G001', 0),
       ('183', 'Erich', 58, '1949-04-01', '211382200506040059', ' http://localhost:8000/hospital/Img/user/default.jpg',
        'G001', 0),
       ('184', 'Nash', 42, '1951-04-15', '211382200506040059', ' http://localhost:8000/hospital/Img/user/default.jpg',
        'G002', 0),
       ('185', 'Hop', 75, '1998-11-07', '211382200506040059', ' http://localhost:8000/hospital/Img/user/default.jpg',
        'G002', 0),
       ('186', 'Nasim', 55, '1948-06-25', '211382200506040059', ' http://localhost:8000/hospital/Img/user/default.jpg',
        'G001', 0),
       ('187', 'Walter', 82, '1961-06-03', '211382200506040059', ' http://localhost:8000/hospital/Img/user/default.jpg',
        'G001', 0),
       ('188', 'Dexter', 100, '1987-04-05', '211382200506040059',
        ' http://localhost:8000/hospital/Img/user/default.jpg', 'G001', 0),
       ('189', 'Clinton', 75, '1953-01-27', '211382200506040059',
        ' http://localhost:8000/hospital/Img/user/default.jpg', 'G002', 0),
       ('19', 'Harrison', 92, '1953-09-05', '211382200506040059',
        ' http://localhost:8000/hospital/Img/user/default.jpg', 'G001', 0),
       ('190', 'Dieter', 74, '1965-07-09', '211382200506040059', ' http://localhost:8000/hospital/Img/user/default.jpg',
        'G001', 0),
       ('191', 'Colton', 80, '1962-09-05', '211382200506040059', ' http://localhost:8000/hospital/Img/user/default.jpg',
        'G002', 0),
       ('192', 'Tarik', 79, '1988-09-13', '211382200506040059', ' http://localhost:8000/hospital/Img/user/default.jpg',
        'G002', 0),
       ('193', 'Byron', 55, '2001-11-18', '211382200506040059', ' http://localhost:8000/hospital/Img/user/default.jpg',
        'G002', 0),
       ('194', 'Price', 84, '1975-10-20', '211382200506040059', ' http://localhost:8000/hospital/Img/user/default.jpg',
        'G002', 0),
       ('195', 'Richard', 26, '1996-11-28', '211382200506040059',
        ' http://localhost:8000/hospital/Img/user/default.jpg', 'G002', 0),
       ('196', 'Ciaran', 87, '1983-04-03', '211382200506040059', ' http://localhost:8000/hospital/Img/user/default.jpg',
        'G002', 0),
       ('197', 'Ira', 69, '1960-05-02', '211382200506040059', ' http://localhost:8000/hospital/Img/user/default.jpg',
        'G001', 0),
       ('198', 'Edan', 27, '1997-12-29', '211382200506040059', ' http://localhost:8000/hospital/Img/user/default.jpg',
        'G002', 0),
       ('199', 'Talon', 85, '1987-10-13', '211382200506040059', ' http://localhost:8000/hospital/Img/user/default.jpg',
        'G001', 0),
       ('2', 'Graiden', 84, '1966-09-04', '211382200506040059', ' http://localhost:8000/hospital/Img/user/default.jpg',
        'G001', 0),
       ('20', 'Jakeem', 34, '1994-03-24', '211382200506040059', ' http://localhost:8000/hospital/Img/user/default.jpg',
        'G001', 0),
       ('200', 'Baxter', 56, '1972-02-13', '211382200506040059', ' http://localhost:8000/hospital/Img/user/default.jpg',
        'G001', 0),
       ('21', 'Declan', 19, '1980-07-25', '211382200506040059', ' http://localhost:8000/hospital/Img/user/default.jpg',
        'G001', 0),
       ('22', 'Chadwick', 77, '1957-01-28', '211382200506040059',
        ' http://localhost:8000/hospital/Img/user/default.jpg', 'G001', 0),
       ('23', 'Dolan', 22, '1970-10-01', '211382200506040059', ' http://localhost:8000/hospital/Img/user/default.jpg',
        'G002', 0),
       ('24', 'Randall', 68, '1964-05-13', '211382200506040059', ' http://localhost:8000/hospital/Img/user/default.jpg',
        'G001', 0),
       ('25', 'Kadeem', 70, '1984-05-31', '211382200506040059', ' http://localhost:8000/hospital/Img/user/default.jpg',
        'G001', 0),
       ('26', 'Sylvester', 72, '1989-10-01', '211382200506040059',
        ' http://localhost:8000/hospital/Img/user/default.jpg', 'G002', 0),
       ('27', 'Otto', 56, '1998-06-17', '211382200506040059', ' http://localhost:8000/hospital/Img/user/default.jpg',
        'G001', 0),
       ('28', 'Nash', 25, '1970-08-06', '211382200506040059', ' http://localhost:8000/hospital/Img/user/default.jpg',
        'G001', 0),
       ('29', 'Rashad', 41, '1963-11-24', '211382200506040059', ' http://localhost:8000/hospital/Img/user/default.jpg',
        'G001', 0),
       ('3', 'Cain', 76, '1987-01-18', '211382200506040059', ' http://localhost:8000/hospital/Img/user/default.jpg',
        'G002', 0),
       ('30', 'Malcolm', 27, '1974-06-06', '211382200506040059', ' http://localhost:8000/hospital/Img/user/default.jpg',
        'G001', 0),
       ('31', 'Harper', 44, '1971-03-28', '211382200506040059', ' http://localhost:8000/hospital/Img/user/default.jpg',
        'G002', 0),
       ('32', 'Clark', 73, '1998-02-20', '211382200506040059', ' http://localhost:8000/hospital/Img/user/default.jpg',
        'G001', 0),
       ('33', 'Jamal', 99, '1979-10-29', '211382200506040059', ' http://localhost:8000/hospital/Img/user/default.jpg',
        'G002', 0),
       ('34', 'Graiden', 32, '1980-02-13', '211382200506040059', ' http://localhost:8000/hospital/Img/user/default.jpg',
        'G002', 0),
       ('35', 'Alan', 58, '1975-08-23', '211382200506040059', ' http://localhost:8000/hospital/Img/user/default.jpg',
        'G001', 0),
       ('36', 'Quamar', 93, '1962-02-28', '211382200506040059', ' http://localhost:8000/hospital/Img/user/default.jpg',
        'G002', 0),
       ('37', 'Arden', 57, '1986-01-19', '211382200506040059', ' http://localhost:8000/hospital/Img/user/default.jpg',
        'G001', 0),
       ('38', 'Marvin', 69, '1977-04-08', '211382200506040059', ' http://localhost:8000/hospital/Img/user/default.jpg',
        'G002', 0),
       ('39', 'Tiger', 76, '1965-09-29', '211382200506040059', ' http://localhost:8000/hospital/Img/user/default.jpg',
        'G002', 0),
       ('4', 'Lucas', 22, '1953-09-21', '211382200506040059', ' http://localhost:8000/hospital/Img/user/default.jpg',
        'G001', 0),
       ('40', 'Yuli', 63, '1984-11-04', '211382200506040059', ' http://localhost:8000/hospital/Img/user/default.jpg',
        'G002', 0),
       ('41', 'Coby', 98, '1967-08-24', '211382200506040059', ' http://localhost:8000/hospital/Img/user/default.jpg',
        'G002', 0),
       ('42', 'Jason', 47, '1968-06-21', '211382200506040059', ' http://localhost:8000/hospital/Img/user/default.jpg',
        'G002', 0),
       ('43', 'Julian', 39, '1976-11-26', '211382200506040059', ' http://localhost:8000/hospital/Img/user/default.jpg',
        'G001', 0),
       ('44', 'Vladimir', 54, '1973-05-30', '211382200506040059',
        ' http://localhost:8000/hospital/Img/user/default.jpg', 'G002', 0),
       ('45', 'Dustin', 76, '1969-05-24', '211382200506040059', ' http://localhost:8000/hospital/Img/user/default.jpg',
        'G001', 0),
       ('46', 'Cairo', 43, '1971-01-27', '211382200506040059', ' http://localhost:8000/hospital/Img/user/default.jpg',
        'G001', 0),
       ('47', 'Vincent', 22, '1981-07-12', '211382200506040059', ' http://localhost:8000/hospital/Img/user/default.jpg',
        'G002', 0),
       ('48', 'Emery', 43, '1961-04-10', '211382200506040059', ' http://localhost:8000/hospital/Img/user/default.jpg',
        'G002', 0),
       ('49', 'Reese', 31, '1951-06-24', '211382200506040059', ' http://localhost:8000/hospital/Img/user/default.jpg',
        'G002', 0),
       ('4b2cd5ff-a867-45d6-99fa-04de523edac7', '小茶', 26, '1996-07-04', '211358199512301156',
        'http://localhost:8000/hospital/Img/user/default.jpg', 'G001', 0),
       ('5', 'Graham', 40, '1996-07-14', '211382200506040059', ' http://localhost:8000/hospital/Img/user/default.jpg',
        'G001', 0),
       ('50', 'Ross', 99, '1999-09-19', '211382200506040059', ' http://localhost:8000/hospital/Img/user/default.jpg',
        'G001', 0),
       ('51', 'Jared', 28, '1984-01-26', '211382200506040059', ' http://localhost:8000/hospital/Img/user/default.jpg',
        'G002', 0),
       ('52', 'Ciaran', 46, '1953-06-13', '211382200506040059', ' http://localhost:8000/hospital/Img/user/default.jpg',
        'G001', 0),
       ('53', 'Quamar', 85, '1962-05-01', '211382200506040059', ' http://localhost:8000/hospital/Img/user/default.jpg',
        'G001', 0),
       ('54', 'Oliver', 97, '1969-03-18', '211382200506040059', ' http://localhost:8000/hospital/Img/user/default.jpg',
        'G002', 0),
       ('55', 'Nissim', 50, '1953-04-12', '211382200506040059', ' http://localhost:8000/hospital/Img/user/default.jpg',
        'G002', 0),
       ('56', 'Gregory', 81, '1996-12-01', '211382200506040059', ' http://localhost:8000/hospital/Img/user/default.jpg',
        'G002', 0),
       ('57', 'Gavin', 59, '1983-09-19', '211382200506040059', ' http://localhost:8000/hospital/Img/user/default.jpg',
        'G001', 0),
       ('58', 'Kieran', 48, '1999-03-18', '211382200506040059', ' http://localhost:8000/hospital/Img/user/default.jpg',
        'G002', 0),
       ('59', 'Shad', 46, '2000-05-25', '211382200506040059', ' http://localhost:8000/hospital/Img/user/default.jpg',
        'G001', 0),
       ('6', 'Logan', 46, '1991-07-07', '211382200506040059', ' http://localhost:8000/hospital/Img/user/default.jpg',
        'G001', 0),
       ('60', 'Colorado', 22, '1976-11-08', '211382200506040059',
        ' http://localhost:8000/hospital/Img/user/default.jpg', 'G001', 0),
       ('61', 'Cody', 56, '1990-01-23', '211382200506040059', ' http://localhost:8000/hospital/Img/user/default.jpg',
        'G002', 0),
       ('62', 'Warren', 90, '1952-05-28', '211382200506040059', ' http://localhost:8000/hospital/Img/user/default.jpg',
        'G002', 0),
       ('63', 'Scott', 81, '1955-09-02', '211382200506040059', ' http://localhost:8000/hospital/Img/user/default.jpg',
        'G001', 0),
       ('64', 'Isaac', 69, '1948-12-30', '211382200506040059', ' http://localhost:8000/hospital/Img/user/default.jpg',
        'G001', 0),
       ('65', 'Peter', 61, '1973-10-31', '211382200506040059', ' http://localhost:8000/hospital/Img/user/default.jpg',
        'G001', 0),
       ('66', 'Elijah', 99, '1988-11-19', '211382200506040059', ' http://localhost:8000/hospital/Img/user/default.jpg',
        'G001', 0),
       ('67', 'Conan', 64, '1964-08-17', '211382200506040059', ' http://localhost:8000/hospital/Img/user/default.jpg',
        'G002', 0),
       ('68', 'Flynn', 47, '1965-10-15', '211382200506040059', ' http://localhost:8000/hospital/Img/user/default.jpg',
        'G002', 0),
       ('69', 'Bevis', 99, '1994-01-26', '211382200506040059', ' http://localhost:8000/hospital/Img/user/default.jpg',
        'G002', 0),
       ('7', 'Vernon', 50, '1987-01-24', '211382200506040059', ' http://localhost:8000/hospital/Img/user/default.jpg',
        'G001', 0),
       ('70', 'Steven', 59, '1973-07-11', '211382200506040059', ' http://localhost:8000/hospital/Img/user/default.jpg',
        'G002', 0),
       ('71', 'Blaze', 30, '1980-11-06', '211382200506040059', ' http://localhost:8000/hospital/Img/user/default.jpg',
        'G002', 0),
       ('72', 'Mufutau', 23, '1985-02-25', '211382200506040059', ' http://localhost:8000/hospital/Img/user/default.jpg',
        'G001', 0),
       ('73', 'Amal', 36, '1967-03-25', '211382200506040059', ' http://localhost:8000/hospital/Img/user/default.jpg',
        'G002', 0),
       ('74', 'Plato', 39, '1962-04-10', '211382200506040059', ' http://localhost:8000/hospital/Img/user/default.jpg',
        'G001', 0),
       ('75', 'Plato', 97, '1950-11-13', '211382200506040059', ' http://localhost:8000/hospital/Img/user/default.jpg',
        'G002', 0),
       ('76', 'Kenneth', 24, '1977-02-14', '211382200506040059', ' http://localhost:8000/hospital/Img/user/default.jpg',
        'G002', 0),
       ('77', 'Fritz', 41, '1991-12-31', '211382200506040059', ' http://localhost:8000/hospital/Img/user/default.jpg',
        'G002', 0),
       ('78', 'Macaulay', 84, '1993-09-05', '211382200506040059',
        ' http://localhost:8000/hospital/Img/user/default.jpg', 'G001', 0),
       ('79', 'Blaze', 31, '1985-07-30', '211382200506040059', ' http://localhost:8000/hospital/Img/user/default.jpg',
        'G001', 0),
       ('8', 'Lamar', 38, '1976-04-11', '211382200506040059', ' http://localhost:8000/hospital/Img/user/default.jpg',
        'G002', 0),
       ('80', 'Palmer', 91, '1964-04-22', '211382200506040059', ' http://localhost:8000/hospital/Img/user/default.jpg',
        'G002', 0),
       ('81', 'Tucker', 93, '1971-12-24', '211382200506040059', ' http://localhost:8000/hospital/Img/user/default.jpg',
        'G002', 0),
       ('82', 'Nathaniel', 50, '1973-09-17', '211382200506040059',
        ' http://localhost:8000/hospital/Img/user/default.jpg', 'G001', 0),
       ('83', 'Brody', 36, '1949-07-22', '211382200506040059', ' http://localhost:8000/hospital/Img/user/default.jpg',
        'G002', 0),
       ('84', 'Jasper', 69, '1983-02-13', '211382200506040059', ' http://localhost:8000/hospital/Img/user/default.jpg',
        'G002', 0),
       ('85', 'Steven', 79, '1976-11-08', '211382200506040059', ' http://localhost:8000/hospital/Img/user/default.jpg',
        'G001', 0),
       ('86', 'George', 74, '1984-05-19', '211382200506040059', ' http://localhost:8000/hospital/Img/user/default.jpg',
        'G001', 0),
       ('87', 'Quentin', 24, '1947-09-21', '211382200506040059', ' http://localhost:8000/hospital/Img/user/default.jpg',
        'G001', 0),
       ('88', 'Alexander', 19, '1996-09-02', '211382200506040059',
        ' http://localhost:8000/hospital/Img/user/default.jpg', 'G001', 0),
       ('89', 'Ryder', 80, '1981-10-27', '211382200506040059', ' http://localhost:8000/hospital/Img/user/default.jpg',
        'G002', 0),
       ('9', 'Warren', 32, '1992-10-02', '211382200506040059', ' http://localhost:8000/hospital/Img/user/default.jpg',
        'G002', 0),
       ('90', 'Xander', 95, '1996-01-31', '211382200506040059', ' http://localhost:8000/hospital/Img/user/default.jpg',
        'G001', 0),
       ('91', 'Rudyard', 97, '1976-01-28', '211382200506040059', ' http://localhost:8000/hospital/Img/user/default.jpg',
        'G002', 0),
       ('92', 'Ferdinand', 78, '1996-08-10', '211382200506040059',
        ' http://localhost:8000/hospital/Img/user/default.jpg', 'G001', 0),
       ('93', 'Jarrod', 88, '1966-10-01', '211382200506040059', ' http://localhost:8000/hospital/Img/user/default.jpg',
        'G002', 0),
       ('94', 'Kieran', 22, '1988-03-22', '211382200506040059', ' http://localhost:8000/hospital/Img/user/default.jpg',
        'G001', 0),
       ('95', 'Caesar', 97, '1979-05-02', '211382200506040059', ' http://localhost:8000/hospital/Img/user/default.jpg',
        'G001', 0),
       ('96', 'Adam', 51, '1964-09-23', '211382200506040059', ' http://localhost:8000/hospital/Img/user/default.jpg',
        'G002', 0),
       ('97', 'Matthew', 70, '1990-10-17', '211382200506040059', ' http://localhost:8000/hospital/Img/user/default.jpg',
        'G001', 0),
       ('98', 'Bevis', 41, '1947-09-02', '211382200506040059', ' http://localhost:8000/hospital/Img/user/default.jpg',
        'G001', 0),
       ('99', 'Eric', 97, '1978-11-18', '211382200506040059', ' http://localhost:8000/hospital/Img/user/default.jpg',
        'G001', 0),
       ('ad8f27ad-ec0d-4fba-9615-491c35825ae9', '11', 10, '2012-07-03', NULL,
        'http://localhost:8000/hospital/Img/user/default.jpg', 'G001', 0),
       ('bf6df899-1ebb-4296-9068-be0d03730ef5', '22', 0, '2022-07-04', NULL,
        'http://localhost:8000/hospital/Img/user/default.jpg', 'G001', 1),
       ('f28c9958-8f7b-4787-bbdc-cb90804ae105', '小明', 13, '2009-07-16', '211358199512301156',
        'http://localhost:8000/hospital/Img/user/default.jpg', 'G001', 0);

/*!40101 SET SQL_MODE=@OLD_SQL_MODE */;
/*!40014 SET FOREIGN_KEY_CHECKS=@OLD_FOREIGN_KEY_CHECKS */;
/*!40014 SET UNIQUE_CHECKS=@OLD_UNIQUE_CHECKS */;
/*!40111 SET SQL_NOTES=@OLD_SQL_NOTES */;
